category,job_number,work_date,address,station,work_time,payment,transport_fee,task,count,special_note,search_guide
健診医師求人,E033-841-480,2026年6月24日（水）,埼玉県桶川市,JR高崎線北本駅ﾀｸｼｰ15分,8:30～12:15,"25,000円","別途 上限8,000円",,受診者数約30名 /,,"以下の公式サイトで求人番号を入力し、お問合せください。
 https://www.e-doctor.ne.jp/k
 求人番号：E033-841-480"
健診医師求人,E034-817-887,2026年6月24日（水）,東京都練馬区,西武池袋線練馬高野台駅徒歩11分,9:30～12:00,"30,000円","別途 上限3,500円",問診 聴診 血圧測定,受診者数約20名 /,女性医師が望ましい /,"以下の公式サイトで求人番号を入力し、お問合せください。
 https://www.e-doctor.ne.jp/k
 求人番号：E034-817-887"
健診医師求人,E475-721-812,2026年6月25日（木）,群馬県太田市,東武伊勢崎線韮川駅,8:30～17:00 （内休憩60分）,"60,000円","別途 上限5,000円",問診 聴診 血圧測定 特殊検査,受診者数約220名,,"以下の公式サイトで求人番号を入力し、お問合せください。
 https://www.e-doctor.ne.jp/k
 求人番号：E475-721-812"
健診医師求人,E683-060-211,2026年6月25日（木）,千葉県千葉市稲毛区,JR総武線西千葉駅ﾀｸｼｰ10分,9:00～16:30,"60,000円","別途 一律3,000円",問診 聴診 血圧測定,受診者数約130名 /,,"以下の公式サイトで求人番号を入力し、お問合せください。
 https://www.e-doctor.ne.jp/k
 求人番号：E683-060-211"
健診医師求人,E448-208-075,2026年6月29日（月）,千葉県千葉市稲毛区,JR総武線四街道駅ﾀｸｼｰ12分,7:00～9:30,"30,000円","別途 一律3,000円",問診 聴診 血圧測定,受診者数約80名 /,,"以下の公式サイトで求人番号を入力し、お問合せください。
 https://www.e-doctor.ne.jp/k
 求人番号：E448-208-075"
健診医師求人,E873-134-073,2026年6月29日（月）,群馬県伊勢崎市,東武伊勢崎線新伊勢崎駅ﾀｸｼｰ15分,13:45～16:30,"30,000円","別途 上限10,000円",問診 聴診 人間ドック 特殊検査 予防接種,受診者数約120名 /,,"以下の公式サイトで求人番号を入力し、お問合せください。
 https://www.e-doctor.ne.jp/k
 求人番号：E873-134-073"
健診医師求人,E071-003-070,2026年6月30日（火）,静岡県富士市,JR身延線柚木駅,12:00～13:30,"30,000円","別途 上限15,000円",問診 触診 乳がん検診 子宮がん検診,,,"以下の公式サイトで求人番号を入力し、お問合せください。
 https://www.e-doctor.ne.jp/k
 求人番号：E071-003-070"
健診医師求人,E560-275-810,2026年7月2日（木）,群馬県前橋市,JR両毛線前橋駅,9:30～12:00,"18,000円","別途 上限5,000円",問診 聴診 血圧測定,受診者数約60名,,"以下の公式サイトで求人番号を入力し、お問合せください。
 https://www.e-doctor.ne.jp/k
 求人番号：E560-275-810"
健診医師求人,E781-576-775,2026年7月2日（木）,群馬県邑楽郡大泉町,東武小泉線西小泉駅,8:30～10:30,"15,000円","別途 上限5,000円",問診 聴診 血圧測定,受診者数約50名,,"以下の公式サイトで求人番号を入力し、お問合せください。
 https://www.e-doctor.ne.jp/k
 求人番号：E781-576-775"
健診医師求人,E610-631-653,2026年7月2日（木）,群馬県伊勢崎市,東武伊勢崎線新伊勢崎駅ﾀｸｼｰ15分,13:45～16:30,"30,000円","別途 上限10,000円",問診 聴診 人間ドック 特殊検査 予防接種,受診者数約120名 /,,"以下の公式サイトで求人番号を入力し、お問合せください。
 https://www.e-doctor.ne.jp/k
 求人番号：E610-631-653"
健診医師求人,E536-638-840,2026年7月2日（木）,千葉県成田市,JR線成田空港駅ﾀｸｼｰ9分,15:00～18:30,"40,000円","別途 一律3,000円",問診 聴診 血圧測定,受診者数約110名 /,,"以下の公式サイトで求人番号を入力し、お問合せください。
 https://www.e-doctor.ne.jp/k
 求人番号：E536-638-840"
健診医師求人,E578-380-700,2026年7月3日（金）,群馬県太田市,東武伊勢崎線太田駅,7:30～8:30,"10,000円","別途 上限5,000円",問診 聴診 血圧測定,受診者数約30名,,"以下の公式サイトで求人番号を入力し、お問合せください。
 https://www.e-doctor.ne.jp/k
 求人番号：E578-380-700"
健診医師求人,E606-017-237,2026年7月6日（月）,栃木県下野市,JR東北本線小金井駅ﾀｸｼｰ15分,8:00～10:30,"30,000円","別途 上限10,000円",問診 聴診,受診者数約90名 /,,"以下の公式サイトで求人番号を入力し、お問合せください。
 https://www.e-doctor.ne.jp/k
 求人番号：E606-017-237"
健診医師求人,E524-002-150,2026年7月6日（月）,東京都練馬区,西武池袋線大泉学園駅徒歩13分,8:30～15:50,"66,000円 ※源泉徴収後の金額をお支払いします",込み,問診 聴診,受診者数約90名 /,女性医師が望ましい,"以下の公式サイトで求人番号を入力し、お問合せください。
 https://www.e-doctor.ne.jp/k
 求人番号：E524-002-150"
健診医師求人,E842-732-648,2026年7月6日（月）,静岡県富士宮市,東海道新幹線新富士駅ﾀｸｼｰ45分,8:30～13:00,"55,000円","別途 上限20,000円",問診 聴診,受診者数約40名 /,,"以下の公式サイトで求人番号を入力し、お問合せください。
 https://www.e-doctor.ne.jp/k
 求人番号：E842-732-648"
健診医師求人,E777-707-368,2026年7月7日（火）,群馬県伊勢崎市,東武伊勢崎線新伊勢崎駅ﾀｸｼｰ15分,13:45～16:30,"30,000円","別途 上限10,000円",問診 聴診 人間ドック 特殊検査 予防接種,受診者数約120名 /,,"以下の公式サイトで求人番号を入力し、お問合せください。
 https://www.e-doctor.ne.jp/k
 求人番号：E777-707-368"
健診医師求人,E037-561-572,2026年7月7日（火）,東京都中央区,新宿線馬喰横山駅徒歩10分,8:00～12:30,"40,000円",別途 実費支給,問診 聴診,受診者数約職員90名 /,女性医師が望ましい,"以下の公式サイトで求人番号を入力し、お問合せください。
 https://www.e-doctor.ne.jp/k
 求人番号：E037-561-572"
健診医師求人,E551-263-610,2026年7月7日（火）,東京都あきる野市,JR五日市線武蔵引田駅徒歩3分,7:45～12:30,"40,000円","別途 上限5,000円",問診 聴診 特殊検査,受診者数約105名 /,,"以下の公式サイトで求人番号を入力し、お問合せください。
 https://www.e-doctor.ne.jp/k
 求人番号：E551-263-610"
健診医師求人,E561-112-357,2026年7月8日（水）,群馬県伊勢崎市,東武伊勢崎線新伊勢崎駅ﾀｸｼｰ15分,13:45～16:30,"30,000円","別途 上限10,000円",問診 聴診 人間ドック 特殊検査 予防接種,受診者数約120名 /,,"以下の公式サイトで求人番号を入力し、お問合せください。
 https://www.e-doctor.ne.jp/k
 求人番号：E561-112-357"
健診医師求人,E333-256-214,2026年7月8日（水）,東京都練馬区,西武池袋線大泉学園駅徒歩13分,8:30～12:00,"33,000円 ※源泉徴収後の金額をお支払いします",込み,問診 聴診,受診者数約70名 /,女性医師が望ましい,"以下の公式サイトで求人番号を入力し、お問合せください。
 https://www.e-doctor.ne.jp/k
 求人番号：E333-256-214"
健診医師求人,E364-345-053,2026年7月8日（水）,東京都足立区,東武伊勢崎線小菅駅徒歩9分,8:30～12:00,"30,000円",込み,問診 聴診,受診者数約100/3日間名 /,,"以下の公式サイトで求人番号を入力し、お問合せください。
 https://www.e-doctor.ne.jp/k
 求人番号：E364-345-053"
健診医師求人,E300-410-847,2026年7月9日（木）,千葉県市,小湊鉄道線上総三又駅徒歩1分,9:00～12:00,"30,000円","別途 上限4,000円",問診 聴診,受診者数約50名 /,,"以下の公式サイトで求人番号を入力し、お問合せください。
 https://www.e-doctor.ne.jp/k
 求人番号：E300-410-847"
健診医師求人,E036-100-630,2026年7月9日（木）,群馬県高崎市,上信電鉄線吉井駅ﾀｸｼｰ10分,8:30～10:30,"25,000円","別途 上限10,000円",問診 聴診 特殊検査,受診者数約70名 /,,"以下の公式サイトで求人番号を入力し、お問合せください。
 https://www.e-doctor.ne.jp/k
 求人番号：E036-100-630"
健診医師求人,E440-385-145,2026年7月9日（木）,神奈川県大和市,小田急線鶴間駅徒歩10分,9:10～13:30,"40,000円","別途 上限3,000円",問診 聴診,受診者数約100名 /,女性医師が望ましい,"以下の公式サイトで求人番号を入力し、お問合せください。
 https://www.e-doctor.ne.jp/k
 求人番号：E440-385-145"
健診医師求人,E174-636-783,2026年7月9日（木）,長野県長野市,JR線長野駅徒歩5分,8:40～16:00,"70,000円 税込",別途 実費支給,問診 聴診,受診者数約未定名 /,女性医師が望ましい /,"以下の公式サイトで求人番号を入力し、お問合せください。
 https://www.e-doctor.ne.jp/k
 求人番号：E174-636-783"
健診医師求人,E236-036-448,2026年7月9日（木）,長野県長野市,JR線長野駅徒歩5分,8:40～16:00,"70,000円 税込",別途 実費支給,問診 聴診,受診者数約未定名 /,女性医師が望ましい /,"以下の公式サイトで求人番号を入力し、お問合せください。
 https://www.e-doctor.ne.jp/k
 求人番号：E236-036-448"
健診医師求人,E705-236-670,2026年7月9日（木）,静岡県富士市,東海道新幹線新富士駅ﾀｸｼｰ30分,8:30～14:00,"65,000円","別途 上限20,000円",問診 聴診 特殊検査,受診者数約40名 /,,"以下の公式サイトで求人番号を入力し、お問合せください。
 https://www.e-doctor.ne.jp/k
 求人番号：E705-236-670"
健診医師求人,E302-055-138,2026年7月9日（木）,東京都東大和市,多摩モノレール線上北台駅徒歩5分,8:00～12:30,"35,000円","別途 上限5,000円",血圧測定,受診者数約65名 /,,"以下の公式サイトで求人番号を入力し、お問合せください。
 https://www.e-doctor.ne.jp/k
 求人番号：E302-055-138"
健診医師求人,E060-078-687,2026年7月10日（金）,東京都西多摩郡奥多摩町,JR青梅線奥多摩駅徒歩10分,8:15～12:30,"35,000円","別途 上限5,000円",血圧測定,受診者数約35名 /,,"以下の公式サイトで求人番号を入力し、お問合せください。
 https://www.e-doctor.ne.jp/k
 求人番号：E060-078-687"
健診医師求人,E042-782-607,2026年7月10日（金）,埼玉県戸田市,JR埼京線武蔵浦和駅ﾀｸｼｰ6分,7:45～13:30,"45,000円","別途 上限5,000円",問診 聴診,受診者数約170名 /,女性医師が望ましい /,"以下の公式サイトで求人番号を入力し、お問合せください。
 https://www.e-doctor.ne.jp/k
 求人番号：E042-782-607"
健診医師求人,E283-627-088,2026年7月10日（金）,長野県松本市,松本電鉄上高地線新村駅,13:30～16:30,"40,000円","別途 上限20,000円",問診 聴診 触診 特殊検査,受診者数約36名 /,,"以下の公式サイトで求人番号を入力し、お問合せください。
 https://www.e-doctor.ne.jp/k
 求人番号：E283-627-088"
健診医師求人,E066-451-612,2026年7月14日（火）,東京都葛飾区,,7:30～16:30 （内休憩60分）,"80,000円",込み,,受診者数約24名 /,,"以下の公式サイトで求人番号を入力し、お問合せください。
 https://www.e-doctor.ne.jp/k
 求人番号：E066-451-612"
健診医師求人,E070-471-254,2026年7月14日（火）,東京都葛飾区,,7:30～16:30 （内休憩60分）,"80,000円",込み,,受診者数約24名 /,,"以下の公式サイトで求人番号を入力し、お問合せください。
 https://www.e-doctor.ne.jp/k
 求人番号：E070-471-254"
健診医師求人,E824-376-410,2026年7月14日（火）,茨城県常総市,関東鉄道常総線小絹駅,13:00～17:00,"50,000円",込み,問診 聴診,受診者数約62名,,"以下の公式サイトで求人番号を入力し、お問合せください。
 https://www.e-doctor.ne.jp/k
 求人番号：E824-376-410"
健診医師求人,E083-572-762,2026年7月14日（火）,東京都足立区,つくばエクスプレス線六町駅ﾀｸｼｰ8分,8:30～13:00,"40,000円",込み,問診 聴診 触診,受診者数約174/2日間名 /,女性医師が望ましい /,"以下の公式サイトで求人番号を入力し、お問合せください。
 https://www.e-doctor.ne.jp/k
 求人番号：E083-572-762"
健診医師求人,E010-040-307,2026年7月14日（火）,埼玉県さいたま市北区,埼玉新都市交通伊奈線今羽駅徒歩5分,8:30～13:00,"40,000円",込み,問診 聴診 触診,受診者数約270名/2日間名 /,,"以下の公式サイトで求人番号を入力し、お問合せください。
 https://www.e-doctor.ne.jp/k
 求人番号：E010-040-307"
健診医師求人,E715-174-187,2026年7月15日（水）,群馬県利根郡川場村,JR上越線沼田駅,7:30～15:30,"85,000円",込み,問診 聴診,受診者数約110名 /,,"以下の公式サイトで求人番号を入力し、お問合せください。
 https://www.e-doctor.ne.jp/k
 求人番号：E715-174-187"
健診医師求人,E125-240-201,2026年7月15日（水）,東京都葛飾区,,7:30～16:30 （内休憩60分）,"80,000円",込み,,受診者数約24名 /,,"以下の公式サイトで求人番号を入力し、お問合せください。
 https://www.e-doctor.ne.jp/k
 求人番号：E125-240-201"
健診医師求人,E101-241-353,2026年7月15日（水）,東京都葛飾区,,7:30～16:30 （内休憩60分）,"80,000円",込み,,受診者数約24名 /,,"以下の公式サイトで求人番号を入力し、お問合せください。
 https://www.e-doctor.ne.jp/k
 求人番号：E101-241-353"
健診医師求人,E255-001-004,2026年7月16日（木）,群馬県太田市,JR両毛線国定駅,8:30～10:30,"15,000円","別途 上限5,000円",問診 聴診 血圧測定,受診者数約50名,,"以下の公式サイトで求人番号を入力し、お問合せください。
 https://www.e-doctor.ne.jp/k
 求人番号：E255-001-004"
健診医師求人,E775-432-304,2026年7月16日（木）,埼玉県本庄市,JR高崎線本庄駅ﾀｸｼｰ15分,6:50～10:30,"40,000円","別途 上限10,000円",問診 聴診 特殊検査,受診者数約90名 /,,"以下の公式サイトで求人番号を入力し、お問合せください。
 https://www.e-doctor.ne.jp/k
 求人番号：E775-432-304"
健診医師求人,E376-166-675,2026年7月16日（木）,神奈川県小田原市,伊豆箱根鉄道大雄山線穴部駅徒歩8分,8:45～12:00,"30,000円",込み,問診 聴診 触診,受診者数約80名 /,,"以下の公式サイトで求人番号を入力し、お問合せください。
 https://www.e-doctor.ne.jp/k
 求人番号：E376-166-675"
健診医師求人,E335-824-427,2026年7月16日（木）,群馬県高崎市,JR信越本線安中駅,7:30～12:30,"65,000円",込み,問診 聴診 特殊検査,受診者数約200/2診名 /,,"以下の公式サイトで求人番号を入力し、お問合せください。
 https://www.e-doctor.ne.jp/k
 求人番号：E335-824-427"
健診医師求人,E550-126-001,2026年7月17日（金）,栃木県小山市,JR東北本線小山駅ﾀｸｼｰ15分,8:00～13:00,"60,000円","別途 上限10,000円",問診 触診 乳がん検診 子宮がん検診,受診者数約60名 /,女性医師が望ましい /,"以下の公式サイトで求人番号を入力し、お問合せください。
 https://www.e-doctor.ne.jp/k
 求人番号：E550-126-001"
健診医師求人,E230-626-012,2026年7月17日（金）,埼玉県本庄市,JR高崎線本庄駅ﾀｸｼｰ15分,8:30～12:00,"35,000円","別途 上限10,000円",問診 聴診 特殊検査,受診者数約120名 /,,"以下の公式サイトで求人番号を入力し、お問合せください。
 https://www.e-doctor.ne.jp/k
 求人番号：E230-626-012"
健診医師求人,E004-733-231,2026年7月17日（金）,千葉県袖ケ浦市,内房線姉ヶ崎駅ﾀｸｼｰ12分,9:00～12:30 （内休憩00分）,"30,000円","別途 一律3,000円",問診 聴診 血圧測定,受診者数約50名 /,,"以下の公式サイトで求人番号を入力し、お問合せください。
 https://www.e-doctor.ne.jp/k
 求人番号：E004-733-231"
健診医師求人,E350-503-650,2026年7月18日（土）,埼玉県北足立郡伊奈町,ﾆｭｰｼｬﾄﾙ線伊奈中央駅徒歩13分,8:00～12:00,"40,000円","別途 上限10,000円",問診 聴診 触診 予防接種,受診者数約15～20名 /,,"以下の公式サイトで求人番号を入力し、お問合せください。
 https://www.e-doctor.ne.jp/k
 求人番号：E350-503-650"
健診医師求人,E361-034-105,2026年7月21日（火）,長野県塩尻市,JR中央本支線塩尻駅,9:00～13:00,"35,000円","別途 上限5,000円",問診 聴診 血圧測定 特殊検査,受診者数約80名,,"以下の公式サイトで求人番号を入力し、お問合せください。
 https://www.e-doctor.ne.jp/k
 求人番号：E361-034-105"
健診医師求人,E337-163-351,2026年7月21日（火）,群馬県邑楽郡板倉町,東武日光線藤岡駅ﾀｸｼｰ10分,7:50～11:00,"30,000円","別途 上限10,000円",問診 聴診 特殊検査,受診者数約120名 /,,"以下の公式サイトで求人番号を入力し、お問合せください。
 https://www.e-doctor.ne.jp/k
 求人番号：E337-163-351"
健診医師求人,E476-008-288,2026年7月21日（火）,茨城県結城市,JR水戸線結城駅ﾀｸｼｰ10分,8:00～11:20,"30,000円","別途 上限10,000円",問診 聴診 特殊検査,受診者数約90名 /,,"以下の公式サイトで求人番号を入力し、お問合せください。
 https://www.e-doctor.ne.jp/k
 求人番号：E476-008-288"
健診医師求人,E401-235-272,2026年7月21日（火）,東京都板橋区,三田線西台駅徒歩10分,9:00～17:30,"70,000円",込み,問診 予防接種,,,"以下の公式サイトで求人番号を入力し、お問合せください。
 https://www.e-doctor.ne.jp/k
 求人番号：E401-235-272"
健診医師求人,E170-874-162,2026年7月22日（水）,長野県長野市,北しなの線北長野駅,10:00～11:30,"15,000円","別途 上限5,000円",問診 聴診 血圧測定 特殊検査,受診者数約40名,,"以下の公式サイトで求人番号を入力し、お問合せください。
 https://www.e-doctor.ne.jp/k
 求人番号：E170-874-162"
健診医師求人,E684-675-045,2026年7月22日（水）,東京都千代田区,JR線有楽町駅徒歩5分,9:00～13:00,"40,000円","別途 上限2,000円",問診 聴診 人間ドック,,女性医師が望ましい /,"以下の公式サイトで求人番号を入力し、お問合せください。
 https://www.e-doctor.ne.jp/k
 求人番号：E684-675-045"
健診医師求人,E854-888-262,2026年7月23日（木）,群馬県邑楽郡邑楽町,東武小泉線本中野駅,8:30～12:30,"55,000円",込み,問診 聴診,受診者数約200名/2診名 /,,"以下の公式サイトで求人番号を入力し、お問合せください。
 https://www.e-doctor.ne.jp/k
 求人番号：E854-888-262"
健診医師求人,E470-000-677,2026年7月24日（金）,神奈川県横浜市旭区,相模線三ツ境駅ﾀｸｼｰ20分,9:00～16:30,"60,000円","別途 一律2,000円",問診 聴診 立会い,受診者数約職員50名/利用者70,,"以下の公式サイトで求人番号を入力し、お問合せください。
 https://www.e-doctor.ne.jp/k
 求人番号：E470-000-677"
健診医師求人,E618-343-406,2026年7月24日（金）,静岡県富士市,東海道新幹線新富士駅ﾀｸｼｰ20分,8:00～12:30,"45,000円","別途 上限20,000円",問診 聴診 特殊検査,受診者数約30名 /,,"以下の公式サイトで求人番号を入力し、お問合せください。
 https://www.e-doctor.ne.jp/k
 求人番号：E618-343-406"
健診医師求人,E200-638-850,2026年7月24日（金）,神奈川県愛甲郡愛川町,小田急線相模大野駅ﾀｸｼｰ38分,7:30～13:00,"40,000円","別途 上限5,000",問診 聴診 特殊検査,受診者数約160名,,"以下の公式サイトで求人番号を入力し、お問合せください。
 https://www.e-doctor.ne.jp/k
 求人番号：E200-638-850"
健診医師求人,E230-430-580,2026年7月24日（金）,千葉県流山市,東武ｱｰﾊﾞﾝﾊﾟｰｸﾗｲﾝ線江戸川台駅ﾀｸｼｰ11分,7:45～13:00,"40,000円","別途 上限5,000",問診 聴診 特殊検査,受診者数約150名,,"以下の公式サイトで求人番号を入力し、お問合せください。
 https://www.e-doctor.ne.jp/k
 求人番号：E230-430-580"
健診医師求人,E640-700-033,2026年7月27日（月）,群馬県伊勢崎市,東武伊勢崎線新伊勢崎駅ﾀｸｼｰ15分,13:45～16:30,"30,000円","別途 上限10,000円",問診 聴診 人間ドック 特殊検査 予防接種,受診者数約120名 /,,"以下の公式サイトで求人番号を入力し、お問合せください。
 https://www.e-doctor.ne.jp/k
 求人番号：E640-700-033"
健診医師求人,E882-480-263,2026年7月27日（月）,群馬県利根郡みなかみ町,JR上越線後閑駅ﾀｸｼｰ15分,8:00～10:20,"35,000円","別途 上限10,000円",問診 聴診 特殊検査,受診者数約50名 /,,"以下の公式サイトで求人番号を入力し、お問合せください。
 https://www.e-doctor.ne.jp/k
 求人番号：E882-480-263"
健診医師求人,E325-386-321,2026年7月27日（月）,神奈川県愛甲郡愛川町,小田急線相模大野駅ﾀｸｼｰ38分,7:30～13:00,"40,000円","別途 上限5,000",問診 聴診 特殊検査,受診者数約160名,,"以下の公式サイトで求人番号を入力し、お問合せください。
 https://www.e-doctor.ne.jp/k
 求人番号：E325-386-321"
健診医師求人,E810-603-750,2026年7月27日（月）,千葉県市,JR京葉線二俣新町駅徒歩10分,7:15～12:30,"40,000円","別途 上限5,000円",問診 聴診 特殊検査,受診者数約230名 /,,"以下の公式サイトで求人番号を入力し、お問合せください。
 https://www.e-doctor.ne.jp/k
 求人番号：E810-603-750"
健診医師求人,E032-255-626,2026年7月28日（火）,東京都足立区,東武スカイツリーライ線竹ノ塚駅ﾀｸｼｰ12分,8:45～11:30,"25,000円","別途 上限5,000円",問診 聴診 特殊検査,受診者数約50名,,"以下の公式サイトで求人番号を入力し、お問合せください。
 https://www.e-doctor.ne.jp/k
 求人番号：E032-255-626"
健診医師求人,E078-238-710,2026年7月28日（火）,埼玉県北足立郡伊奈町,ﾆｭｰｼｬﾄﾙ線伊奈中央駅徒歩13分,8:00～12:00,"40,000円","別途 上限10,000円",問診 聴診 触診 予防接種,受診者数約15～20名 /,,"以下の公式サイトで求人番号を入力し、お問合せください。
 https://www.e-doctor.ne.jp/k
 求人番号：E078-238-710"
健診医師求人,E574-100-672,2026年7月28日（火）,静岡県富士市,東海道新幹線新富士駅ﾀｸｼｰ30分,13:00～16:30,"45,000円","別途 上限20,000円",問診 聴診,受診者数約30名 /,,"以下の公式サイトで求人番号を入力し、お問合せください。
 https://www.e-doctor.ne.jp/k
 求人番号：E574-100-672"
健診医師求人,E355-416-070,2026年7月28日（火）,千葉県市,小湊鉄道線上総村上駅ﾀｸｼｰ12分,9:00～11:30 （内休憩00分）,"35,000円","別途 一律3,000円",問診 聴診 血圧測定,受診者数約75名 /,,"以下の公式サイトで求人番号を入力し、お問合せください。
 https://www.e-doctor.ne.jp/k
 求人番号：E355-416-070"
健診医師求人,E065-201-361,2026年7月28日（火）,神奈川県愛甲郡愛川町,小田急線相模大野駅ﾀｸｼｰ38分,7:30～13:00,"40,000円","別途 上限5,000",問診 聴診 特殊検査,受診者数約160名,,"以下の公式サイトで求人番号を入力し、お問合せください。
 https://www.e-doctor.ne.jp/k
 求人番号：E065-201-361"
健診医師求人,E537-268-315,2026年7月28日（火）,千葉県市,JR京葉線二俣新町駅徒歩10分,7:15～12:30,"40,000円","別途 上限5,000円",問診 聴診 特殊検査,受診者数約180名 /,,"以下の公式サイトで求人番号を入力し、お問合せください。
 https://www.e-doctor.ne.jp/k
 求人番号：E537-268-315"
健診医師求人,E161-453-427,2026年7月28日（火）,東京都昭島市,五日市線拝島駅ﾀｸｼｰ16分,7:15～12:30,"40,000円","別途 上限5,000円",問診 聴診 特殊検査,受診者数約140名 /,,"以下の公式サイトで求人番号を入力し、お問合せください。
 https://www.e-doctor.ne.jp/k
 求人番号：E161-453-427"
健診医師求人,E823-423-377,2026年7月29日（水）,茨城県稲敷郡阿見町,JR常磐線ひたち野うしく駅,8:00～12:00,"60,000円","別途 上限7,000円",問診 子宮がん検診,受診者数約30名 /,女性医師が望ましい /,"以下の公式サイトで求人番号を入力し、お問合せください。
 https://www.e-doctor.ne.jp/k
 求人番号：E823-423-377"
健診医師求人,E618-444-105,2026年7月29日（水）,神奈川県横須賀市,京急久里浜線三崎口駅ﾀｸｼ-18分,9:00～17:00,"60,000円","別途 上限2,000円",問診 聴診,受診者数約職員95名/利用者100名 /,,"以下の公式サイトで求人番号を入力し、お問合せください。
 https://www.e-doctor.ne.jp/k
 求人番号：E618-444-105"
健診医師求人,E605-887-231,2026年7月29日（水）,東京都八王子市,京王高尾線山田駅徒歩11分,8:45～16:45,"60,000円","別途 一律2,000円",問診,受診者数約300名,,"以下の公式サイトで求人番号を入力し、お問合せください。
 https://www.e-doctor.ne.jp/k
 求人番号：E605-887-231"
健診医師求人,E551-105-742,2026年7月30日（木）,神奈川県足柄上郡大井町,小田急線開成駅ﾀｸｼ-10分,8:30～11:45,"40,000円","別途 上限2,000円",問診 聴診 立会い,受診者数約職員60名/利用者50名 /,,"以下の公式サイトで求人番号を入力し、お問合せください。
 https://www.e-doctor.ne.jp/k
 求人番号：E551-105-742"
健診医師求人,E080-682-162,2026年7月30日（木）,群馬県邑楽郡邑楽町,東武小泉線本中野駅,8:30～12:30,"55,000円",込み,問診 聴診,受診者数約200名/2診名 /,,"以下の公式サイトで求人番号を入力し、お問合せください。
 https://www.e-doctor.ne.jp/k
 求人番号：E080-682-162"
健診医師求人,E870-534-005,2026年7月30日（木）,群馬県邑楽郡大泉町,東武小泉線西小泉駅,8:30～13:00,"55,000円",込み,問診 聴診,受診者数約130名 /,,"以下の公式サイトで求人番号を入力し、お問合せください。
 https://www.e-doctor.ne.jp/k
 求人番号：E870-534-005"
健診医師求人,E013-525-101,2026年7月30日（木）,東京都八王子市,京王高尾線山田駅徒歩11分,8:45～16:45,"60,000円","別途 一律2,000円",問診,受診者数約300名,,"以下の公式サイトで求人番号を入力し、お問合せください。
 https://www.e-doctor.ne.jp/k
 求人番号：E013-525-101"
健診医師求人,E000-423-582,2026年7月30日（木）,埼玉県戸田市,都営三田線高島平(西口)駅ﾀｸｼｰ8分,8:00～12:00,"40,000円","別途 上限5,000円",問診 聴診 特殊検査,受診者数約130名 /,,"以下の公式サイトで求人番号を入力し、お問合せください。
 https://www.e-doctor.ne.jp/k
 求人番号：E000-423-582"
健診医師求人,E160-004-004,2026年8月3日（月）,静岡県沼津市,JR東海道本線沼津駅,10:00～16:30,"60,000円",込み,問診 聴診 触診 特殊検査,受診者数約26名+26名 /,,"以下の公式サイトで求人番号を入力し、お問合せください。
 https://www.e-doctor.ne.jp/k
 求人番号：E160-004-004"
健診医師求人,E525-622-375,2026年8月3日（月）,群馬県太田市,東武伊勢崎線野州山辺駅,8:00～12:30,"40,000円","別途 上限5,000円",問診 聴診 血圧測定,受診者数約90名,,"以下の公式サイトで求人番号を入力し、お問合せください。
 https://www.e-doctor.ne.jp/k
 求人番号：E525-622-375"
健診医師求人,E368-816-681,2026年8月5日（水）,静岡県磐田市,JR東海道本線豊田町駅,9:00～12:30,"40,000円",込み,問診 聴診 触診 特殊検査,受診者数約35名 /,,"以下の公式サイトで求人番号を入力し、お問合せください。
 https://www.e-doctor.ne.jp/k
 求人番号：E368-816-681"
健診医師求人,E408-511-004,2026年8月5日（水）,群馬県前橋市,JR上越線・JR両毛線新前橋駅ﾀｸｼｰ10分,8:30～11:30,"30,000円","別途 上限10,000円",問診 聴診,受診者数約180名 /,,"以下の公式サイトで求人番号を入力し、お問合せください。
 https://www.e-doctor.ne.jp/k
 求人番号：E408-511-004"
健診医師求人,E510-600-014,2026年8月5日（水）,群馬県前橋市,JR上越線・JR両毛線新前橋駅ﾀｸｼｰ10分,8:30～11:30,"30,000円","別途 上限10,000円",問診 聴診,受診者数約180名 /,,"以下の公式サイトで求人番号を入力し、お問合せください。
 https://www.e-doctor.ne.jp/k
 求人番号：E510-600-014"
健診医師求人,E846-742-780,2026年8月6日（木）,茨城県結城市,JR水戸線結城駅ﾀｸｼｰ15分,9:00～12:00,"30,000円","別途 上限10,000円",問診 聴診 特殊検査,受診者数約90名 /,,"以下の公式サイトで求人番号を入力し、お問合せください。
 https://www.e-doctor.ne.jp/k
 求人番号：E846-742-780"
健診医師求人,E306-450-060,2026年8月6日（木）,群馬県みどり市,東武桐生線阿左美駅,8:30～11:30,"25,000円","別途 上限5,000円",問診 聴診 血圧測定,受診者数約75名,,"以下の公式サイトで求人番号を入力し、お問合せください。
 https://www.e-doctor.ne.jp/k
 求人番号：E306-450-060"
健診医師求人,E221-168-768,2026年8月7日（金）,群馬県前橋市,JR上越線群馬総社駅ﾀｸｼｰ10分,8:30～12:00,"35,000円","別途 上限10,000円",問診 聴診,受診者数約90名 /,,"以下の公式サイトで求人番号を入力し、お問合せください。
 https://www.e-doctor.ne.jp/k
 求人番号：E221-168-768"
健診医師求人,E443-178-074,2026年8月7日（金）,群馬県太田市,東武伊勢崎線太田駅,7:30～8:30,"10,000円","別途 上限5,000円",問診 聴診 血圧測定,受診者数約30名,,"以下の公式サイトで求人番号を入力し、お問合せください。
 https://www.e-doctor.ne.jp/k
 求人番号：E443-178-074"
健診医師求人,E317-756-032,2026年8月10日（月）,東京都渋谷区,千代田線明治神宮前駅徒歩2分,14:00～16:30,"25,000円","別途 上限2,000円",問診 聴診 触診 人間ドック,,女性医師が望ましい,"以下の公式サイトで求人番号を入力し、お問合せください。
 https://www.e-doctor.ne.jp/k
 求人番号：E317-756-032"
健診医師求人,E071-570-420,2026年8月10日（月）,東京都千代田区,東京メトロ東西線大手町駅徒歩3分,8:50～12:30,"35,000円",込み,問診 聴診,受診者数約200名 /,女性医師が望ましい,"以下の公式サイトで求人番号を入力し、お問合せください。
 https://www.e-doctor.ne.jp/k
 求人番号：E071-570-420"
健診医師求人,E740-661-270,2026年8月10日（月）,東京都千代田区,東京メトロ東西線大手町駅徒歩3分,8:50～12:30,"35,000円",込み,問診 聴診,受診者数約200名 /,女性医師が望ましい,"以下の公式サイトで求人番号を入力し、お問合せください。
 https://www.e-doctor.ne.jp/k
 求人番号：E740-661-270"
健診医師求人,E883-776-846,2026年8月10日（月）,東京都千代田区,東京メトロ東西線大手町駅徒歩3分,8:50～12:30,"35,000円",込み,問診 聴診,受診者数約200名 /,女性医師が望ましい,"以下の公式サイトで求人番号を入力し、お問合せください。
 https://www.e-doctor.ne.jp/k
 求人番号：E883-776-846"
健診医師求人,E421-362-136,2026年8月10日（月）,東京都千代田区,東京メトロ東西線大手町駅徒歩3分,8:50～12:30,"35,000円",込み,問診 聴診,受診者数約200名 /,女性医師が望ましい,"以下の公式サイトで求人番号を入力し、お問合せください。
 https://www.e-doctor.ne.jp/k
 求人番号：E421-362-136"
健診医師求人,E457-230-458,2026年8月13日（木）,群馬県前橋市,JR両毛線前橋大島駅,9:00～12:30,"30,000円","別途 上限5,000円",問診 聴診 血圧測定,受診者数約80名,,"以下の公式サイトで求人番号を入力し、お問合せください。
 https://www.e-doctor.ne.jp/k
 求人番号：E457-230-458"
健診医師求人,E161-268-486,2026年8月13日（木）,東京都渋谷区,東急田園都市線渋谷(南口)駅徒歩2分,9:00～13:00,"40,000円","別途 上限2,000円",問診 聴診 人間ドック,,女性医師が望ましい /,"以下の公式サイトで求人番号を入力し、お問合せください。
 https://www.e-doctor.ne.jp/k
 求人番号：E161-268-486"
健診医師求人,E054-300-775,2026年8月14日（金）,神奈川県横浜市緑区,JR横浜線中山駅徒歩14分,8:30～12:30,"42,720円",別途 上限有,問診 聴診 人間ドック,,,"以下の公式サイトで求人番号を入力し、お問合せください。
 https://www.e-doctor.ne.jp/k
 求人番号：E054-300-775"
健診医師求人,E007-206-713,2026年8月15日（土）,埼玉県所沢市,西武池袋線小手指駅徒歩2分,9:00～12:00,"45,000円",別途 上限有,問診 子宮がん検診,,女性医師が望ましい /,"以下の公式サイトで求人番号を入力し、お問合せください。
 https://www.e-doctor.ne.jp/k
 求人番号：E007-206-713"
健診医師求人,E531-702-320,2026年8月17日（月）,埼玉県熊谷市,JR高崎線籠原駅ﾀｸｼｰ5分,9:30～12:30,"35,000円","別途 上限10,000円",問診 聴診 特殊検査,受診者数約130名 /,,"以下の公式サイトで求人番号を入力し、お問合せください。
 https://www.e-doctor.ne.jp/k
 求人番号：E531-702-320"
健診医師求人,E460-210-006,2026年8月18日（火）,千葉県香取市,JR成田線佐原駅ﾀｸｼｰ5分,8:45～15:30,"80,000円","別途 上限8,000円",問診,受診者数約140名 /,,"以下の公式サイトで求人番号を入力し、お問合せください。
 https://www.e-doctor.ne.jp/k
 求人番号：E460-210-006"
健診医師求人,E031-115-301,2026年8月19日（水）,埼玉県本庄市,JR高崎線神保原駅ﾀｸｼｰ9分,8:00～11:00,"28,000円","別途 上限5,000円",問診 聴診 血圧測定,受診者数約65名,,"以下の公式サイトで求人番号を入力し、お問合せください。
 https://www.e-doctor.ne.jp/k
 求人番号：E031-115-301"
健診医師求人,E421-884-074,2026年8月20日（木）,千葉県野田市,東武野田線愛宕駅ﾀｸｼｰ7分,8:30～11:30,"30,000円","別途 上限10,000円",問診 聴診,受診者数約280/4日間名 /,,"以下の公式サイトで求人番号を入力し、お問合せください。
 https://www.e-doctor.ne.jp/k
 求人番号：E421-884-074"
健診医師求人,E764-205-063,2026年8月20日（木）,群馬県渋川市,JR上越線八木原駅ﾀｸｼｰ5分,8:00～11:30,"40,000円","別途 上限10,000円",問診 聴診 特殊検査,受診者数約90名 /,,"以下の公式サイトで求人番号を入力し、お問合せください。
 https://www.e-doctor.ne.jp/k
 求人番号：E764-205-063"
健診医師求人,E540-301-622,2026年8月20日（木）,群馬県吾妻郡東吾妻町,JR吾妻線郷原駅,9:00～11:30,"20,000円","別途 上限5,000円",問診 聴診 血圧測定,受診者数約60名,,"以下の公式サイトで求人番号を入力し、お問合せください。
 https://www.e-doctor.ne.jp/k
 求人番号：E540-301-622"
健診医師求人,E016-056-780,2026年8月20日（木）,千葉県松戸市,JR常磐線・新京成線松戸(東口)駅徒歩2分,7:15～17:00,"65,000円","別途 上限5,000円",問診 聴診 特殊検査,受診者数約165名 /,,"以下の公式サイトで求人番号を入力し、お問合せください。
 https://www.e-doctor.ne.jp/k
 求人番号：E016-056-780"
健診医師求人,E404-882-427,2026年8月20日（木）,東京都千代田区,JR各線東京駅徒歩5分,9:00～12:30,"50,000円","別途 上限2,000円",問診 子宮がん検診 人間ドック,受診者数約25～35名 /,女性医師が望ましい /,"以下の公式サイトで求人番号を入力し、お問合せください。
 https://www.e-doctor.ne.jp/k
 求人番号：E404-882-427"
健診医師求人,E247-838-802,2026年8月20日（木）,東京都千代田区,JR各線東京駅徒歩5分,14:00～17:30,"45,000円","別途 上限2,000円",問診 子宮がん検診 人間ドック,受診者数約20～25名 /,女性医師が望ましい /,"以下の公式サイトで求人番号を入力し、お問合せください。
 https://www.e-doctor.ne.jp/k
 求人番号：E247-838-802"
健診医師求人,E007-360-140,2026年8月21日（金）,千葉県野田市,東武野田線七光台駅ﾀｸｼｰ10分,9:00～12:00,"30,000円","別途 上限10,000円",問診 聴診,受診者数約90名 /,,"以下の公式サイトで求人番号を入力し、お問合せください。
 https://www.e-doctor.ne.jp/k
 求人番号：E007-360-140"
健診医師求人,E183-174-870,2026年8月21日（金）,群馬県高崎市,JR高崎線高崎駅ﾀｸｼｰ5分,8:30～11:00,"25,000円","別途 上限10,000円",問診 聴診 特殊検査,受診者数約65名 /,,"以下の公式サイトで求人番号を入力し、お問合せください。
 https://www.e-doctor.ne.jp/k
 求人番号：E183-174-870"
健診医師求人,E638-544-702,2026年8月21日（金）,東京都千代田区,東京メトロ東西線大手町駅徒歩3分,8:50～12:30,"35,000円",込み,問診 聴診,受診者数約200名 /,女性医師が望ましい,"以下の公式サイトで求人番号を入力し、お問合せください。
 https://www.e-doctor.ne.jp/k
 求人番号：E638-544-702"
健診医師求人,E426-102-273,2026年8月21日（金）,東京都千代田区,東京メトロ東西線大手町駅徒歩3分,8:50～12:30,"35,000円",込み,問診 聴診,受診者数約200名 /,女性医師が望ましい,"以下の公式サイトで求人番号を入力し、お問合せください。
 https://www.e-doctor.ne.jp/k
 求人番号：E426-102-273"
健診医師求人,E512-163-073,2026年8月21日（金）,東京都千代田区,東京メトロ東西線大手町駅徒歩3分,8:50～12:30,"35,000円",込み,問診 聴診,受診者数約200名 /,女性医師が望ましい,"以下の公式サイトで求人番号を入力し、お問合せください。
 https://www.e-doctor.ne.jp/k
 求人番号：E512-163-073"
健診医師求人,E138-018-356,2026年8月21日（金）,東京都千代田区,JR各線東京駅徒歩5分,9:00～12:30,"50,000円","別途 上限2,000円",問診 子宮がん検診 人間ドック,受診者数約25～35名 /,女性医師が望ましい /,"以下の公式サイトで求人番号を入力し、お問合せください。
 https://www.e-doctor.ne.jp/k
 求人番号：E138-018-356"
健診医師求人,E267-054-627,2026年8月24日（月）,群馬県伊勢崎市,東武伊勢崎線新伊勢崎駅ﾀｸｼｰ15分,9:00～11:30,"30,000円","別途 上限10,000円",問診 聴診,受診者数約100名 /,,"以下の公式サイトで求人番号を入力し、お問合せください。
 https://www.e-doctor.ne.jp/k
 求人番号：E267-054-627"
健診医師求人,E768-013-477,2026年8月24日（月）,千葉県匝瑳市,JR総武線八日市場駅ﾀｸｼｰ10分,8:45～12:30,"40,000円","別途 上限8,000円",問診 聴診,受診者数約110名 /,,"以下の公式サイトで求人番号を入力し、お問合せください。
 https://www.e-doctor.ne.jp/k
 求人番号：E768-013-477"
健診医師求人,E706-288-350,2026年8月24日（月）,東京都千代田区,東京メトロ東西線大手町駅徒歩3分,8:50～12:30,"35,000円",込み,問診 聴診,受診者数約200名 /,女性医師が望ましい,"以下の公式サイトで求人番号を入力し、お問合せください。
 https://www.e-doctor.ne.jp/k
 求人番号：E706-288-350"
健診医師求人,E432-317-587,2026年8月24日（月）,東京都千代田区,東京メトロ東西線大手町駅徒歩3分,8:50～12:30,"35,000円",込み,問診 聴診,受診者数約200名 /,女性医師が望ましい,"以下の公式サイトで求人番号を入力し、お問合せください。
 https://www.e-doctor.ne.jp/k
 求人番号：E432-317-587"
健診医師求人,E034-210-316,2026年8月24日（月）,東京都千代田区,東京メトロ東西線大手町駅徒歩3分,8:50～12:30,"35,000円",込み,問診 聴診,受診者数約200名 /,女性医師が望ましい,"以下の公式サイトで求人番号を入力し、お問合せください。
 https://www.e-doctor.ne.jp/k
 求人番号：E034-210-316"
健診医師求人,E863-501-345,2026年8月24日（月）,東京都千代田区,JR各線東京駅徒歩5分,9:00～12:30,"50,000円","別途 上限2,000円",問診 子宮がん検診 人間ドック,受診者数約25～35名 /,女性医師が望ましい /,"以下の公式サイトで求人番号を入力し、お問合せください。
 https://www.e-doctor.ne.jp/k
 求人番号：E863-501-345"
健診医師求人,E042-750-804,2026年8月25日（火）,群馬県邑楽郡大泉町,東武小泉線東小泉駅ﾀｸｼｰ10分,9:30～14:30,"55,000円","別途 上限10,000円",問診 聴診 特殊検査,受診者数約130名 /,,"以下の公式サイトで求人番号を入力し、お問合せください。
 https://www.e-doctor.ne.jp/k
 求人番号：E042-750-804"
健診医師求人,E181-202-116,2026年8月25日（火）,群馬県富岡市,上信電鉄線上州富岡駅ﾀｸｼｰ20分,8:30～12:40,"50,000円","別途 上限10,000円",問診 聴診 特殊検査,受診者数約160名 /,,"以下の公式サイトで求人番号を入力し、お問合せください。
 https://www.e-doctor.ne.jp/k
 求人番号：E181-202-116"
健診医師求人,E020-631-055,2026年8月26日（水）,千葉県匝瑳市,JR総武線八日市場駅ﾀｸｼｰ10分,8:45～12:30,"40,000円","別途 上限8,000円",問診 聴診,受診者数約110名 /,,"以下の公式サイトで求人番号を入力し、お問合せください。
 https://www.e-doctor.ne.jp/k
 求人番号：E020-631-055"
健診医師求人,E786-471-250,2026年8月27日（木）,山梨県南アルプス市,JR中央本線塩崎駅ﾀｸｼｰ10分,9:00～12:30,"35,000円",別途 実費支給,問診 聴診,受診者数約80名 /,,"以下の公式サイトで求人番号を入力し、お問合せください。
 https://www.e-doctor.ne.jp/k
 求人番号：E786-471-250"
健診医師求人,E150-645-675,2026年8月27日（木）,千葉県野田市,東武野田線愛宕駅ﾀｸｼｰ7分,8:30～11:30,"30,000円","別途 上限10,000円",問診 聴診,受診者数約280/4日間名 /,,"以下の公式サイトで求人番号を入力し、お問合せください。
 https://www.e-doctor.ne.jp/k
 求人番号：E150-645-675"
健診医師求人,E616-243-411,2026年8月27日（木）,群馬県邑楽郡大泉町,東武小泉線東小泉駅,7:30～9:30,"15,000円","別途 上限5,000円",問診 聴診 血圧測定 特殊検査,受診者数約30名,,"以下の公式サイトで求人番号を入力し、お問合せください。
 https://www.e-doctor.ne.jp/k
 求人番号：E616-243-411"
健診医師求人,E066-780-675,2026年8月27日（木）,千葉県匝瑳市,JR総武線八日市場駅ﾀｸｼｰ10分,8:45～13:00,"40,000円","別途 上限8,000円",問診 聴診,受診者数約120名 /,,"以下の公式サイトで求人番号を入力し、お問合せください。
 https://www.e-doctor.ne.jp/k
 求人番号：E066-780-675"
健診医師求人,E125-106-574,2026年8月28日（金）,東京都八王子市,東急世田谷線三軒茶屋駅徒歩7分,9:00～12:00,"30,000円","別途 上限10,000円",問診 聴診,受診者数約53名 /,,"以下の公式サイトで求人番号を入力し、お問合せください。
 https://www.e-doctor.ne.jp/k
 求人番号：E125-106-574"
健診医師求人,E036-373-202,2026年8月28日（金）,千葉県野田市,東武野田線愛宕駅ﾀｸｼｰ7分,8:30～11:30,"30,000円","別途 上限10,000円",問診 聴診,受診者数約280/4日間名 /,,"以下の公式サイトで求人番号を入力し、お問合せください。
 https://www.e-doctor.ne.jp/k
 求人番号：E036-373-202"
健診医師求人,E545-318-047,2026年8月28日（金）,栃木県小山市,JR東北本線小山駅ﾀｸｼｰ20分,9:30～12:00,"35,000円","別途 上限10,000円",問診 聴診,受診者数約90名 /,女性医師が望ましい /,"以下の公式サイトで求人番号を入力し、お問合せください。
 https://www.e-doctor.ne.jp/k
 求人番号：E545-318-047"
健診医師求人,E620-521-144,2026年8月28日（金）,群馬県邑楽郡大泉町,東武小泉線東小泉駅ﾀｸｼｰ10分,9:30～12:30,"30,000円","別途 上限10,000円",問診 聴診 特殊検査,受診者数約100名 /,,"以下の公式サイトで求人番号を入力し、お問合せください。
 https://www.e-doctor.ne.jp/k
 求人番号：E620-521-144"
健診医師求人,E850-501-354,2026年8月31日（月）,千葉県野田市,東武野田線愛宕駅徒歩12分,8:30～12:00,"35,000円","別途 上限10,000円",問診 聴診,受診者数約90名 /,,"以下の公式サイトで求人番号を入力し、お問合せください。
 https://www.e-doctor.ne.jp/k
 求人番号：E850-501-354"
健診医師求人,E200-830-580,2026年9月1日（火）,東京都多摩市,小田急多摩線多摩センター駅徒歩7分,9:30～16:00,"55,000円 時給10,000円","別途 上限10,000円",問診 聴診,受診者数約110名 /,,"以下の公式サイトで求人番号を入力し、お問合せください。
 https://www.e-doctor.ne.jp/k
 求人番号：E200-830-580"
健診医師求人,E882-667-758,2026年9月1日（火）,神奈川県横須賀市,京急線京急久里浜駅徒歩3分,9:00～15:00 （内休憩60分）,"50,000円 時給:10,000円","別途 上限10,000円",問診 聴診,受診者数約159名 /,,"以下の公式サイトで求人番号を入力し、お問合せください。
 https://www.e-doctor.ne.jp/k
 求人番号：E882-667-758"
健診医師求人,E515-845-502,2026年9月2日（水）,神奈川県横須賀市,京急線京急久里浜駅徒歩3分,9:00～15:00 （内休憩60分）,"50,000円","別途 上限10,000円",問診 聴診,受診者数約150名 /,,"以下の公式サイトで求人番号を入力し、お問合せください。
 https://www.e-doctor.ne.jp/k
 求人番号：E515-845-502"
健診医師求人,E143-424-084,2026年9月4日（金）,東京都板橋区,都営三田線高島平駅徒歩6分,9:00～12:00,"30,000円 時給：10,000円","別途 上限10,000円",問診 聴診,受診者数約47名 /,,"以下の公式サイトで求人番号を入力し、お問合せください。
 https://www.e-doctor.ne.jp/k
 求人番号：E143-424-084"
健診医師求人,E434-333-377,2026年9月4日（金）,東京都多摩市,小田急多摩線多摩センター駅徒歩7分,9:30～12:00,"25,000円 時給10,000円","別途 上限10,000円",問診 聴診,受診者数約41名 /,,"以下の公式サイトで求人番号を入力し、お問合せください。
 https://www.e-doctor.ne.jp/k
 求人番号：E434-333-377"
健診医師求人,E223-105-343,2026年9月7日（月）,東京都葛飾区,京成押上線四ツ木駅徒歩10分,9:30～16:00,"55,000円","別途 上限10,000円",問診 聴診,受診者数約113名 /,,"以下の公式サイトで求人番号を入力し、お問合せください。
 https://www.e-doctor.ne.jp/k
 求人番号：E223-105-343"
健診医師求人,E186-081-038,2026年9月7日（月）,東京都府中市,京王線中河原駅徒歩12分,9:30～16:00,"55,000円","別途 上限10,000円",問診 聴診,受診者数約117 名 /,,"以下の公式サイトで求人番号を入力し、お問合せください。
 https://www.e-doctor.ne.jp/k
 求人番号：E186-081-038"
健診医師求人,E824-415-308,2026年9月8日（火）,神奈川県横浜市緑区,JR横浜線中山駅徒歩14分,8:30～12:30,"42,720円",別途 上限有,問診 聴診 人間ドック,,,"以下の公式サイトで求人番号を入力し、お問合せください。
 https://www.e-doctor.ne.jp/k
 求人番号：E824-415-308"
健診医師求人,E070-611-011,2026年9月8日（火）,神奈川県横須賀市,京浜急行本線横須賀中央駅徒歩6分,9:00～15:00,"50,000円","別途 上限10,000円",問診 聴診,受診者数約114 名 /,,"以下の公式サイトで求人番号を入力し、お問合せください。
 https://www.e-doctor.ne.jp/k
 求人番号：E070-611-011"
健診医師求人,E380-040-855,2026年9月9日（水）,東京都立川市,JR線立川(南口)駅徒歩10分,9:10～13:30,"55,000円","別途 上限3,000円",問診 子宮がん検診,受診者数約70名 /,女性医師が望ましい /,"以下の公式サイトで求人番号を入力し、お問合せください。
 https://www.e-doctor.ne.jp/k
 求人番号：E380-040-855"
健診医師求人,E701-207-054,2026年9月9日（水）,神奈川県横須賀市,京浜急行本線横須賀中央駅徒歩6分,9:00～15:00,"50,000円","別途 上限10,000円",問診 聴診,受診者数約108 名 /,,"以下の公式サイトで求人番号を入力し、お問合せください。
 https://www.e-doctor.ne.jp/k
 求人番号：E701-207-054"
健診医師求人,E080-003-137,2026年9月11日（金）,茨城県水戸市,JR線水戸(南口)駅ﾀｸｼｰ5分,9:20～13:30,"55,000円","別途 上限12,000円",問診 子宮がん検診,受診者数約60名 /,女性医師が望ましい /,"以下の公式サイトで求人番号を入力し、お問合せください。
 https://www.e-doctor.ne.jp/k
 求人番号：E080-003-137"
健診医師求人,E865-545-102,2026年9月16日（水）,茨城県那珂郡東海村,JR常磐線東海駅徒歩16分,8:30～16:00,"100,000円","別途 上限15,000円",問診 子宮がん検診,受診者数約40名 /,女性医師が望ましい,"以下の公式サイトで求人番号を入力し、お問合せください。
 https://www.e-doctor.ne.jp/k
 求人番号：E865-545-102"
健診医師求人,E270-010-015,2026年9月17日（木）,神奈川県川崎市中原区,東急東横線武蔵小杉駅徒歩4分,9:30～15:30,"50,000円","別途 上限10,000円",問診 聴診,受診者数約119 名 /,,"以下の公式サイトで求人番号を入力し、お問合せください。
 https://www.e-doctor.ne.jp/k
 求人番号：E270-010-015"
健診医師求人,E533-000-164,2026年9月18日（金）,茨城県那珂郡東海村,JR常磐線東海駅徒歩16分,8:30～16:00,"100,000円","別途 上限15,000円",問診 子宮がん検診,受診者数約70名 /,女性医師が望ましい,"以下の公式サイトで求人番号を入力し、お問合せください。
 https://www.e-doctor.ne.jp/k
 求人番号：E533-000-164"
健診医師求人,E457-152-868,2026年9月19日（土）,埼玉県所沢市,西武池袋線小手指駅徒歩2分,9:00～12:00,"45,000円",別途 上限有,問診 子宮がん検診,,女性医師が望ましい /,"以下の公式サイトで求人番号を入力し、お問合せください。
 https://www.e-doctor.ne.jp/k
 求人番号：E457-152-868"
健診医師求人,E204-084-037,2026年9月26日（土）,群馬県邑楽郡大泉町,東武小泉線東小泉駅ﾀｸｼｰ10分,9:30～13:30,"55,000円","別途 上限10,000円",問診 子宮がん検診,受診者数約60名 /,女性医師が望ましい /,"以下の公式サイトで求人番号を入力し、お問合せください。
 https://www.e-doctor.ne.jp/k
 求人番号：E204-084-037"
健診医師求人,E510-725-601,2026年9月28日（月）,東京都武蔵野市,JR中央線三鷹駅徒歩12分,9:30～16:00,"55,000円","別途 上限10,000円",問診 聴診,受診者数約122 名 /,,"以下の公式サイトで求人番号を入力し、お問合せください。
 https://www.e-doctor.ne.jp/k
 求人番号：E510-725-601"
健診医師求人,E455-504-440,2026年10月1日（木）,群馬県高崎市,JR線高崎駅徒歩10分,9:15～13:30,"55,000円","別途 上限15,000円",問診 子宮がん検診,受診者数約60名 /,女性医師が望ましい /,"以下の公式サイトで求人番号を入力し、お問合せください。
 https://www.e-doctor.ne.jp/k
 求人番号：E455-504-440"
健診医師求人,E504-311-584,2026年10月9日（金）,静岡県浜松市浜名区,天竜浜名湖鉄道線岩水寺駅,9:00～11:30,"30,000円","別途 上限3,000円",問診 聴診 特殊検査,受診者数約40名 /,,"以下の公式サイトで求人番号を入力し、お問合せください。
 https://www.e-doctor.ne.jp/k
 求人番号：E504-311-584"
健診医師求人,E064-606-602,2026年10月15日（木）,東京都立川市,JR線立川(南口)駅徒歩10分,9:10～13:30,"55,000円","別途 上限3,000円",問診 子宮がん検診,受診者数約70名 /,女性医師が望ましい /,"以下の公式サイトで求人番号を入力し、お問合せください。
 https://www.e-doctor.ne.jp/k
 求人番号：E064-606-602"
健診医師求人,E187-067-310,2026年10月17日（土）,埼玉県所沢市,西武池袋線小手指駅徒歩2分,9:00～12:00,"45,000円",別途 上限有,問診 子宮がん検診,,女性医師が望ましい /,"以下の公式サイトで求人番号を入力し、お問合せください。
 https://www.e-doctor.ne.jp/k
 求人番号：E187-067-310"
健診医師求人,E458-834-016,2026年10月19日（月）,千葉県八千代市,東葉高速線八千代中央駅駅ﾀｸｼｰ10分,9:30～13:30,"55,000円","別途 上限5,000円",問診 子宮がん検診,受診者数約60名 /,女性医師が望ましい,"以下の公式サイトで求人番号を入力し、お問合せください。
 https://www.e-doctor.ne.jp/k
 求人番号：E458-834-016"
健診医師求人,E802-023-368,2026年10月19日（月）,静岡県浜松市浜名区,天竜浜名湖鉄道線岩水寺駅,9:00～11:30,"30,000円","別途 上限3,000円",問診 聴診 特殊検査,受診者数約40名 /,,"以下の公式サイトで求人番号を入力し、お問合せください。
 https://www.e-doctor.ne.jp/k
 求人番号：E802-023-368"
健診医師求人,E007-538-003,2026年10月22日（木）,群馬県太田市,東武小泉線太田駅徒歩5分,9:30～13:30,"55,000円","別途 上限10,000円",問診 子宮がん検診,受診者数約60名 /,女性医師が望ましい /,"以下の公式サイトで求人番号を入力し、お問合せください。
 https://www.e-doctor.ne.jp/k
 求人番号：E007-538-003"
健診医師求人,E500-041-300,2026年10月23日（金）,茨城県つくば市,つくばエクスプレス線つくば駅ﾀｸｼｰ10分,9:20～13:30,"55,000円","別途 上限5,000円",問診 子宮がん検診,受診者数約60名 /,女性医師が望ましい /,"以下の公式サイトで求人番号を入力し、お問合せください。
 https://www.e-doctor.ne.jp/k
 求人番号：E500-041-300"
健診医師求人,E072-168-011,2026年10月27日（火）,埼玉県越谷市,JR線新越谷駅徒歩5分,9:30～13:30,"55,000円","別途 上限3,000円",問診 子宮がん検診,受診者数約60名 /,女性医師が望ましい,"以下の公式サイトで求人番号を入力し、お問合せください。
 https://www.e-doctor.ne.jp/k
 求人番号：E072-168-011"
健診医師求人,E342-333-737,2026年10月28日（水）,東京都世田谷区,京王井の頭線久我山駅徒歩12分,9:00～17:00,"80,000円","別途 上限3,000円",問診 聴診 触診 人間ドック,,,"以下の公式サイトで求人番号を入力し、お問合せください。
 https://www.e-doctor.ne.jp/k
 求人番号：E342-333-737"
健診医師求人,E617-640-502,2026年10月30日（金）,千葉県流山市,つくばEX 線流山おおたかの森駅徒歩5分,9:40～13:30,"55,000円","別途 上限3,000円",問診 子宮がん検診,受診者数約60名 /,女性医師が望ましい,"以下の公式サイトで求人番号を入力し、お問合せください。
 https://www.e-doctor.ne.jp/k
 求人番号：E617-640-502"
健診医師求人,E455-046-467,2026年11月4日（水）,茨城県日立市,JR線日立駅徒歩5分,9:30～13:30,"55,000円","別途 上限12,000円",問診 子宮がん検診,受診者数約60名 /,女性医師が望ましい /,"以下の公式サイトで求人番号を入力し、お問合せください。
 https://www.e-doctor.ne.jp/k
 求人番号：E455-046-467"
健診医師求人,E031-784-434,2026年11月5日（木）,栃木県宇都宮市,JR線宇都宮駅ﾀｸｼｰ10分,9:00～13:30,"55,000円","別途 上限15,000円",問診 子宮がん検診,受診者数約50名 /,女性医師が望ましい /,"以下の公式サイトで求人番号を入力し、お問合せください。
 https://www.e-doctor.ne.jp/k
 求人番号：E031-784-434"
健診医師求人,E228-561-073,2026年11月10日（火）,埼玉県春日部市,JR線春日部(西口)駅徒歩5分,9:30～13:30,"55,000円","別途 上限3,000円",問診 子宮がん検診,受診者数約60名 /,女性医師が望ましい,"以下の公式サイトで求人番号を入力し、お問合せください。
 https://www.e-doctor.ne.jp/k
 求人番号：E228-561-073"
健診医師求人,E305-117-221,2026年11月11日（水）,千葉県八千代市,東葉高速線八千代中央駅駅ﾀｸｼｰ10分,9:30～13:30,"55,000円","別途 上限5,000円",問診 子宮がん検診,受診者数約60名 /,女性医師が望ましい,"以下の公式サイトで求人番号を入力し、お問合せください。
 https://www.e-doctor.ne.jp/k
 求人番号：E305-117-221"
健診医師求人,E420-106-232,2026年11月17日（火）,東京都立川市,JR線立川(南口)駅徒歩10分,9:10～13:30,"55,000円","別途 上限3,000円",問診 子宮がん検診,受診者数約70名 /,女性医師が望ましい /,"以下の公式サイトで求人番号を入力し、お問合せください。
 https://www.e-doctor.ne.jp/k
 求人番号：E420-106-232"
健診医師求人,E084-516-568,2026年11月20日（金）,千葉県成田市,JR線成田駅ﾀｸｼｰ15分,9:30～13:30,"55,000円","別途 上限10,000円",問診 子宮がん検診,受診者数約60名 /,女性医師が望ましい /,"以下の公式サイトで求人番号を入力し、お問合せください。
 https://www.e-doctor.ne.jp/k
 求人番号：E084-516-568"
健診医師求人,E624-172-222,2026年11月25日（水）,東京都立川市,JR線立川(南口)駅徒歩10分,9:10～13:30,"55,000円","別途 上限3,000円",問診 子宮がん検診,受診者数約70名 /,女性医師が望ましい /,"以下の公式サイトで求人番号を入力し、お問合せください。
 https://www.e-doctor.ne.jp/k
 求人番号：E624-172-222"
健診医師求人,E060-850-608,2026年11月26日（木）,埼玉県上尾市,JR線上尾駅ﾀｸｼｰ15分,9:30～13:30,"55,000円","別途 上限5,000円",問診 子宮がん検診,受診者数約60名 /,女性医師が望ましい /,"以下の公式サイトで求人番号を入力し、お問合せください。
 https://www.e-doctor.ne.jp/k
 求人番号：E060-850-608"
健診医師求人,E024-350-725,2026年12月4日（金）,千葉県白井市,京成成田空港線白井駅徒歩10分,9:30～13:30,"55,000円","別途 上限3,000円",問診 子宮がん検診,受診者数約60名 /,女性医師が望ましい,"以下の公式サイトで求人番号を入力し、お問合せください。
 https://www.e-doctor.ne.jp/k
 求人番号：E024-350-725"
健診医師求人,E703-457-771,2026年12月8日（火）,東京都立川市,JR線立川(南口)駅徒歩10分,9:10～13:30,"55,000円","別途 上限3,000円",問診 子宮がん検診,受診者数約70名 /,女性医師が望ましい /,"以下の公式サイトで求人番号を入力し、お問合せください。
 https://www.e-doctor.ne.jp/k
 求人番号：E703-457-771"
健診医師求人,E307-520-615,2026年12月17日（木）,埼玉県川口市,埼玉高速鉄道線 鳩ケ谷駅ﾀｸｼｰ10分,10:10～14:30,"55,000円","別途 上限3,000円",問診 子宮がん検診,受診者数約60名 /,女性医師が望ましい /,"以下の公式サイトで求人番号を入力し、お問合せください。
 https://www.e-doctor.ne.jp/k
 求人番号：E307-520-615"
健診医師求人,E247-568-068,2026年12月22日（火）,東京都立川市,JR線立川(南口)駅徒歩10分,9:10～13:30,"55,000円","別途 上限3,000円",問診 子宮がん検診,受診者数約70名 /,女性医師が望ましい /,"以下の公式サイトで求人番号を入力し、お問合せください。
 https://www.e-doctor.ne.jp/k
 求人番号：E247-568-068"
健診医師求人,E863-211-556,2026年12月24日（木）,千葉県千葉市中央区,JR線本千葉駅徒歩10分,9:40～13:30,"55,000円","別途 上限3,000円",問診 子宮がん検診,受診者数約60名 /,女性医師が望ましい /,"以下の公式サイトで求人番号を入力し、お問合せください。
 https://www.e-doctor.ne.jp/k
 求人番号：E863-211-556"
健診医師求人,E540-553-702,2026年12月25日（金）,東京都昭島市,JR線昭島駅徒歩10分,9:40～13:30,"55,000円","別途 上限3,000円",問診 子宮がん検診,受診者数約70名 /,女性医師が望ましい,"以下の公式サイトで求人番号を入力し、お問合せください。
 https://www.e-doctor.ne.jp/k
 求人番号：E540-553-702"
健診医師求人,E501-564-730,2027年1月6日（水）,千葉県市,JR内房線五井駅ﾀｸｼｰ10分,9:20～13:30,"55,000円","別途 上限3,000円",問診 子宮がん検診,受診者数約60名 /,女性医師が望ましい /,"以下の公式サイトで求人番号を入力し、お問合せください。
 https://www.e-doctor.ne.jp/k
 求人番号：E501-564-730"
健診医師求人,E802-170-230,2027年1月7日（木）,東京都立川市,JR線立川(南口)駅徒歩10分,9:10～13:30,"55,000円","別途 上限3,000円",問診 子宮がん検診,受診者数約70名 /,女性医師が望ましい /,"以下の公式サイトで求人番号を入力し、お問合せください。
 https://www.e-doctor.ne.jp/k
 求人番号：E802-170-230"
健診医師求人,E526-112-006,2027年1月12日（火）,東京都立川市,JR線立川(南口)駅徒歩10分,9:10～13:30,"55,000円","別途 上限3,000円",問診 子宮がん検診,受診者数約70名 /,女性医師が望ましい /,"以下の公式サイトで求人番号を入力し、お問合せください。
 https://www.e-doctor.ne.jp/k
 求人番号：E526-112-006"
健診医師求人,E326-140-770,2027年1月14日（木）,埼玉県さいたま市大宮区,東武野田線北大宮駅徒歩5分,9:20～13:30,"55,000円","別途 上限3,000円",問診 子宮がん検診,受診者数約60名 /,女性医師が望ましい /,"以下の公式サイトで求人番号を入力し、お問合せください。
 https://www.e-doctor.ne.jp/k
 求人番号：E326-140-770"
健診医師求人,E247-000-827,2027年1月19日（火）,埼玉県川口市,埼玉高速鉄道線 鳩ケ谷駅ﾀｸｼｰ10分,10:10～14:30,"55,000円","別途 上限3,000円",問診 子宮がん検診,受診者数約60名 /,女性医師が望ましい /,"以下の公式サイトで求人番号を入力し、お問合せください。
 https://www.e-doctor.ne.jp/k
 求人番号：E247-000-827"
健診医師求人,E060-280-058,2027年1月21日（木）,茨城県水戸市,JR常磐線内原駅徒歩10分,10:10～14:30,"55,000円","別途 上限12,000円",問診 子宮がん検診,受診者数約60名 /,女性医師が望ましい /,"以下の公式サイトで求人番号を入力し、お問合せください。
 https://www.e-doctor.ne.jp/k
 求人番号：E060-280-058"